temperature,humidity,ventilation rate,volume,CO2_variance
20.08,38.33,0.0,58.72,3.251249999999884
20.14,38.38,0.0,58.72,2.9767999999999946
20.32,32.63,0.0,68.56,0.5512500000000716
20.33,32.64,0.0,68.56,0.5407999999999622
20.46,31.52,0.0,70.51,0.7080500000000649
20.49,31.78,0.0,70.51,0.5408000000000213
20.54,31.82,0.0,70.51,0.47045000000002646
20.66,32.82,0.0,70.51,0.1104499999999861
20.69,32.81,0.0,70.51,0.10580000000001673
20.7,32.82,0.0,70.51,0.096800000000024
20.95,35.53,0.0,62.12,0.0032000000000078216
21.0,20.15,0.0,73.73,0.0024499999999955434
21.0,20.28,0.0,73.73,0.06845000000002271
21.0,20.44,0.0,73.73,0.2982249999999627
21.0,20.46,0.0,73.73,4.458799999999923
21.0,21.16,0.0,73.73,1.1400499999999862
21.0,21.26,0.0,73.73,0.20103333333331364
21.0,21.27,0.0,62.12,12.650450000000149
21.0,21.31,0.0,73.73,0.10124999999994372
21.0,21.51,0.0,62.12,1.3448000000000708
21.0,21.53,0.0,68.56,1.3447999999997913
21.0,21.56,0.0,68.56,1.185799999999944
21.0,21.68,0.0,68.56,1.0658000000000531
21.0,21.73,0.0,70.51,14.905800000000198
21.0,21.79,0.0,63.07,0.0012500000000005684
21.0,21.86,0.0,63.07,0.10580000000001673
21.0,21.89,0.0,62.12,7.960050000000036
21.0,22.25,0.0,62.12,0.2520500000000258
21.0,22.3,0.0,62.12,0.5555583333333646
21.0,22.51,0.0,68.56,11.472049999999825
21.0,22.59,0.0,68.56,11.418633333333604
21.0,22.62,0.0,68.56,4.032800000000413
21.0,22.65,0.0,68.56,4.032800000000413
21.0,22.74,0.0,68.56,11.28125
21.0,22.77,0.0,62.12,18.666049999999736
21.0,22.77,0.0,68.56,11.233799999999505
21.0,22.93,0.0,63.07,1.53125
21.0,23.11,0.0,63.07,0.31204999999997124
21.0,23.26,0.0,62.12,16.820000000000064
21.0,23.4,0.0,63.07,11.28125
21.0,23.43,0.0,63.07,0.1624499999999637
21.0,23.45,0.0,63.07,2.2177000000001894
21.0,23.48,0.0,63.07,7.955933333333612
21.0,23.49,0.0,63.07,3.0138999999999943
21.0,23.49,0.0,68.56,0.2664500000000133
21.0,23.53,0.0,63.07,4.9616666666667015
21.0,23.56,0.0,63.07,19.764233333333568
21.0,23.6,0.0,63.07,6.827033333332945
21.0,23.63,0.0,68.56,0.37844999999990503
21.0,23.64,0.0,63.07,8.040049999999964
21.0,23.74,0.0,63.07,19.593799999999945
21.0,23.76,0.0,63.07,14.907899999999568
21.0,23.82,0.0,63.07,16.957033333333303
21.0,23.91,0.0,63.07,7.449800000000272
21.0,23.96,0.0,63.07,2.875900000000072
21.0,23.99,0.0,63.07,17.633200000000723
21.0,24.07,0.0,63.07,5.85623333333359
21.0,24.1,0.0,73.73,0.3674250000000787
21.0,24.11,0.0,63.07,0.026450000000004182
21.0,24.12,0.0,63.07,0.08820000000003056
21.0,24.13,0.0,73.73,0.13005000000005335
21.0,24.18,0.0,73.73,0.2763333333332561
21.0,24.24,0.0,63.07,12.954050000000452
21.0,24.25,0.0,73.73,0.11520000000000873
21.0,24.28,0.0,73.73,0.011249999999962483
21.0,24.36,0.0,63.07,5.678450000000207
21.0,24.67,0.0,62.12,5.6112499999998855
21.0,24.72,0.0,63.07,3.9761999999998205
21.0,24.8,0.0,63.07,7.880450000000108
21.0,24.89,0.0,73.73,1.5842000000001537
21.0,25.05,0.0,63.07,0.19844999999996132
21.0,25.15,0.0,62.12,0.8844499999999033
21.0,25.2,0.0,63.07,0.08820000000003056
21.0,25.49,0.0,62.12,0.03125
21.0,25.51,0.0,70.51,0.02880000000000218
21.0,25.52,0.0,70.51,0.02880000000000218
21.0,25.54,0.0,73.73,0.03456666666669676
21.0,25.55,0.0,70.51,0.016200000000001227
21.0,25.55,0.0,73.73,0.1624444444443915
21.0,25.56,0.0,73.73,12.243121818181901
21.0,25.57,0.0,70.51,0.014449999999983379
21.0,25.57,0.0,73.73,13.304488888888823
21.0,25.59,0.0,70.51,0.012800000000004003
21.0,25.59,0.0,73.73,0.2070214285714058
21.0,25.67,0.0,73.73,0.8192000000001106
21.0,25.72,0.0,73.73,2.7876333333332566
21.0,25.74,0.0,63.07,10.913699999999793
21.0,25.79,0.0,73.73,0.01445000000001237
21.0,25.83,0.0,73.73,0.012799999999976717
21.0,25.89,0.0,73.73,0.011249999999996589
21.0,25.92,0.0,73.73,0.009800000000029922
21.0,25.94,0.0,63.07,0.31205000000001615
21.0,26.12,0.0,62.12,2.2049999999999286
21.0,26.14,0.0,68.56,15.961250000000513
21.0,26.27,0.0,63.07,2.2260500000001486
21.0,26.34,0.0,63.07,10.488199999999926
21.0,26.47,0.0,63.07,1.1100500000000135
21.0,26.61,0.0,62.12,0.06479999999998445
21.0,26.67,0.0,62.12,0.19219999999996756
21.0,26.83,0.0,73.73,1.1995666666668228
21.0,26.85,0.0,63.07,1.2756699999999173
21.0,26.86,0.0,73.73,0.95219999999968
21.0,26.87,0.0,70.51,5.816817948718191
21.0,26.87,0.0,73.73,0.1624499999998989
21.0,26.88,0.0,73.73,0.10125000000007162
21.0,27.08,0.0,70.51,13.312800000000422
21.0,27.11,0.0,70.51,6.195199999999936
21.0,27.25,0.0,70.51,15.456800000000644
21.0,27.66,0.0,70.51,0.47045000000002646
21.0,27.71,0.0,70.51,13.26124999999959
21.0,27.74,0.0,62.12,2.668050000000268
21.0,27.75,0.0,70.51,4.285833333333548
21.0,27.83,0.0,73.73,13.39263333333415
21.0,27.86,0.0,70.51,0.8320499999999531
21.0,27.9,0.0,70.51,0.20480000000002765
21.0,27.99,0.0,73.73,14.612424999999407
21.0,28.01,0.0,73.73,0.387199999999996
21.0,28.06,0.0,73.73,0.020000000000031833
21.0,28.51,0.0,73.73,2.952450000000431
21.0,28.59,0.0,73.73,3.458450000000287
21.0,28.66,0.0,62.12,0.10182499999999257
21.0,28.67,0.0,62.12,0.15000000000002275
21.0,28.92,0.0,62.12,9.246633333333598
21.0,28.95,0.0,62.12,2.53125
21.0,28.99,0.0,62.12,11.534933333333166
21.0,29.4,0.0,62.12,0.23804999999999843
21.0,29.76,0.0,62.12,5.557899242424261
21.0,29.83,0.0,62.12,2.268449999999869
21.0,29.87,0.0,62.12,0.7200000000000546
21.0,29.9,0.0,62.12,0.07839999999999722
21.0,30.55,0.0,68.56,7.488450000000018
21.0,30.72,0.0,62.12,0.014123809523819955
21.0,31.52,0.0,62.12,9.717233333333198
21.0,31.8,0.0,62.12,0.1624500000000609
21.0,31.84,0.0,62.12,0.19845000000003293
21.0,31.94,0.0,58.72,0.06844999999998065
21.0,31.95,0.0,58.72,0.06845000000002271
21.0,31.96,0.0,58.72,0.08820000000003056
21.0,31.97,0.0,58.72,0.1680999999999739
21.0,32.07,0.0,63.07,1.2640499999999601
21.0,32.07,0.0,70.51,13.416200000000035
21.0,32.1,0.0,63.07,1.3122000000000995
21.0,32.22,0.0,58.72,1.2324499999999001
21.0,32.24,0.0,70.51,12.11043333333346
21.0,32.3,0.0,70.51,3.0258000000000895
21.0,32.33,0.0,70.51,2.8560500000001032
21.0,32.34,0.0,58.72,0.6962000000000751
21.0,32.37,0.0,70.51,9.72405000000011
21.0,32.39,0.0,70.51,2.599199999999938
21.0,32.43,0.0,70.51,0.4512500000000432
21.0,32.46,0.0,70.51,0.2520500000000258
21.0,33.23,0.0,62.12,1.3004333333333722
21.0,33.28,0.0,62.12,0.3698000000001095
21.0,33.3,0.0,62.12,3.4833583333332236
21.0,33.75,0.0,58.72,14.151200000000266
21.0,33.79,0.0,58.72,7.03125
21.0,33.83,0.0,58.72,2.464199999999556
21.0,34.11,0.0,62.12,0.018050000000010367
21.0,34.12,0.0,62.12,0.013333333333326133
21.0,34.18,0.0,62.12,1.9404500000000537
21.0,34.27,0.0,62.12,2.0808000000000417
21.0,34.46,0.0,63.07,1.2324499999999894
21.0,34.62,0.0,62.12,18.12019999999989
21.0,34.69,0.0,62.12,8.862050000000153
21.0,34.73,0.0,62.12,8.694450000000066
21.0,34.76,0.0,62.12,14.239033333333087
21.0,34.83,0.0,62.12,13.165833333333019
21.0,34.9,0.0,62.12,10.492500000000225
21.0,34.93,0.0,62.12,3.200449999999931
21.0,34.97,0.0,62.12,18.36179999999967
21.0,35.0,0.0,62.12,18.060049999999947
21.0,35.02,0.0,62.12,1.0512499999999836
21.0,35.08,0.0,62.12,0.31999999999996365
21.0,35.1,0.0,62.12,9.82869999999982
21.0,35.13,0.0,62.12,9.768133333333317
21.0,35.23,0.0,62.12,3.7264499999998946
21.0,35.26,0.0,62.12,7.920200000000072
21.0,35.31,0.0,62.12,0.832050000000173
21.0,35.38,0.0,62.12,16.60794095238101
21.0,35.69,0.0,63.07,2.4864500000000405
21.0,35.7,0.0,73.73,12.954050000000162
21.0,35.71,0.0,63.07,2.332800000000054
21.0,35.73,0.0,73.73,7.722449999999356
21.0,35.77,0.0,70.51,0.0025000000000011367
21.0,35.77,0.0,73.73,6.372450000000178
21.0,35.78,0.0,70.51,0.0012500000000019895
21.0,35.81,0.0,73.73,5.313800000000341
21.0,35.82,0.0,70.51,0.003033333333332458
21.0,35.84,0.0,70.51,0.003033333333331842
21.0,35.87,0.0,70.51,0.009930000000001604
21.0,35.88,0.0,73.73,1.729800000000237
21.0,35.92,0.0,62.12,0.5617999999999421
21.0,35.92,0.0,73.73,0.7564500000000224
21.0,35.95,0.0,62.12,0.5
21.0,35.96,0.0,62.12,0.47045000000013676
21.0,35.97,0.0,62.12,1.9536999999999842
21.0,35.98,0.0,62.12,0.41404999999997105
21.0,36.18,0.0,70.51,12.20180000000027
21.0,36.2,0.0,73.73,0.17999999999994543
21.0,37.6,0.0,70.51,0.03919999999999236
21.0,37.65,0.0,70.51,0.0001999999999996362
21.0,37.67,0.0,70.51,0.024200000000006
21.0,38.65,0.0,70.51,0.009799999999990133
21.0,38.69,0.0,70.51,6.697799999999676
21.0,38.8,0.0,70.51,1.278433333333344
21.0,38.86,0.0,70.51,0.6049999999999
21.0,38.93,0.0,70.51,0.6844500000000852
21.0,39.0,0.0,70.51,0.33620000000008765
21.0,40.86,0.0,70.51,0.020000000000009094
21.0,40.97,0.0,70.51,0.08820000000003056
21.0,40.98,0.0,70.51,0.09245000000002737
21.0,41.01,0.0,70.51,0.10125000000002046
21.0,41.03,0.0,70.51,0.10579999999993829
21.0,41.05,0.0,70.51,0.11520000000000873
21.0,41.08,0.0,70.51,0.13004999999999536
21.0,41.09,0.0,70.51,0.125
21.0,42.02,0.0,70.51,15.456800000000328
21.0,42.18,0.0,73.73,1.824049999999939
21.0,42.24,0.0,70.51,4.410450000000418
21.0,42.37,0.0,70.51,18.666050000000777
21.0,42.39,0.0,70.51,12.700799999999816
21.0,42.41,0.0,70.51,7.683200000000285
21.0,42.44,0.0,70.51,3.6992000000003835
21.0,42.46,0.0,70.51,1.1858000000004691
21.0,42.48,0.0,70.51,0.2737999999999226
21.0,45.05,0.7,70.09,5.579999999999839
21.0,51.62,0.0,73.73,1.4620500000000622
21.0,52.26,0.0,73.73,1.9404499999998297
21.0,53.83,0.0,73.73,1.548799999999784
21.05,33.06,0.0,68.56,0.7080500000000649
21.05,36.86,0.0,58.72,1.7672000000000982
21.07,36.88,0.0,58.72,1.6927999999998493
21.09,27.9,0.0,58.72,0.8449999999999409
21.09,30.17,0.0,70.51,0.42319999999991004
21.42,30.57,0.0,70.51,0.1677299999999857
21.43,30.55,0.0,70.51,0.03644999999999509
21.43,30.56,0.0,70.51,0.03645000000001044
21.44,30.54,0.0,70.51,0.03920000000000828
21.45,30.53,0.0,70.51,0.08409999999998714
21.46,30.52,0.0,70.51,0.04204999999998945
21.59,44.93,0.0,68.56,1.3121999999998233
21.7,37.52,0.0,55.49,0.40499999999992836
21.75,50.23,0.0,72.66,1.296050000000205
21.76,50.23,0.0,72.66,1.296050000000205
21.78,50.23,0.0,72.66,1.2800000000000364
21.79,50.22,0.0,72.66,1.2640500000002313
21.81,50.22,0.0,72.66,1.2640500000002313
21.82,50.22,0.0,72.66,1.264049999999689
21.84,50.22,0.0,72.66,1.248199999999885
21.85,50.57,0.0,72.66,1.9208000000000713
21.87,37.63,0.0,55.49,0.3528000000000745
21.87,50.23,0.0,72.66,1.2324499999997216
21.88,50.23,0.0,72.66,1.2324499999997216
21.9,50.23,0.0,72.66,1.2324499999997216
21.91,50.23,0.0,72.66,1.2168000000004469
21.92,50.24,0.0,72.66,1.2012499999997532
21.94,50.24,0.0,72.66,1.201250000000282
21.95,50.25,0.0,72.66,1.185799999999944
21.96,38.36,0.0,58.72,0.5832000000001056
21.96,50.25,0.0,72.66,1.185799999999944
21.98,47.78,0.0,72.66,2.163200000000085
21.98,50.26,0.0,72.66,1.185799999999944
21.99,31.09,0.0,58.72,0.04204999999998945
21.99,38.36,0.0,58.72,0.5512499999999523
22.0,38.37,0.0,58.72,4.032799999999929
22.0,38.38,0.0,58.72,0.5407999999999622
22.0,50.27,0.0,72.66,1.1551999999999722
22.02,50.28,0.0,72.66,1.1551999999999722
22.04,43.89,0.0,55.49,1.6380499999999012
22.04,50.29,0.0,72.66,1.1400499999998146
22.06,50.3,0.0,72.66,1.1400499999998146
22.07,38.31,0.0,58.72,0.5
22.07,43.91,0.0,55.49,1.7860499999998667
22.07,50.31,0.0,72.66,1.125
22.1,50.32,0.0,72.66,1.125
22.12,50.33,0.0,72.66,1.110049999999844
22.13,50.33,0.0,72.66,1.110049999999844
22.14,30.61,0.0,58.72,0.23258000000002366
22.14,30.62,0.0,58.72,0.04500000000000341
22.14,30.64,0.0,58.72,0.04205000000000594
22.15,50.34,0.0,72.66,1.0952000000000268
22.19,50.35,0.0,72.66,1.0952000000000268
22.2,39.43,0.0,55.49,1.2799999999999454
22.2,40.77,0.0,68.56,0.0007999999999985448
22.2,50.35,0.0,72.66,1.080449999999873
22.21,40.77,0.0,68.56,0.151249999999975
22.22,40.78,0.0,68.56,0.10124999999991814
22.23,45.61,0.0,68.56,1.0951999999998587
22.23,64.06,0.0,72.66,0.31999999999996365
22.24,39.45,0.0,55.49,1.1551999999999722
22.24,51.21,0.0,72.66,2.1012500000001397
22.24,64.05,0.0,72.66,0.3199999999995998
22.25,64.05,0.0,72.66,1.5681699999995775
22.26,39.46,0.0,55.49,1.1100499999997595
22.26,64.07,0.0,72.66,0.31204999999997124
22.26,64.1,0.0,72.66,0.3042000000003334
22.28,38.59,0.0,55.49,0.07999999999996817
22.28,39.46,0.0,55.49,1.051250000000066
22.3,39.47,0.0,55.49,1.0082000000000226
22.33,39.48,0.0,55.49,0.9247999999999412
22.35,39.48,0.0,55.49,0.8844499999999789
22.37,39.49,0.0,55.49,0.8449999999999409
22.38,39.49,0.0,55.49,0.8064500000000491
22.4,50.05,0.0,72.66,1.0658000000000531
22.41,39.5,0.0,55.49,0.7441999999999639
22.43,39.51,0.0,55.49,0.7080500000000649
22.43,50.04,0.0,72.66,1.0368000000000785
22.45,39.52,0.0,55.49,0.672800000000029
22.48,39.54,0.0,55.49,0.6050000000000876
22.5,39.56,0.0,55.49,0.5512500000001314
22.51,39.57,0.0,55.49,1.0609000000000903
22.52,39.58,0.0,55.49,0.5100499999999908
22.53,39.59,0.0,55.49,0.490050000000009
22.54,39.6,0.0,55.49,0.47044999999986103
22.55,39.62,0.0,55.49,0.4418000000000513
22.56,39.64,0.0,55.49,0.42319999999991004
22.57,39.66,0.0,55.49,0.3960499999999373
22.58,39.68,0.0,55.49,0.3697999999999628
22.58,39.7,0.0,55.49,0.3612499999999227
22.59,39.72,0.0,55.49,0.3444499999999396
22.6,39.75,0.0,55.49,18.78845000000032
22.6,39.76,0.0,55.49,0.31204999999997124
22.61,39.81,0.0,55.49,0.2738000000000067
22.62,39.88,0.0,55.49,0.23804999999999843
22.62,39.9,0.0,55.49,0.2312000000000433
22.62,39.92,0.0,55.49,0.21780000000005403
22.63,39.94,0.0,55.49,0.20479999999995488
22.63,39.96,0.0,55.49,0.19844999999996132
22.63,39.98,0.0,55.49,0.186050000000043
22.64,39.99,0.0,55.49,0.186050000000043
22.64,40.01,0.0,55.49,0.17404999999995172
22.64,40.02,0.0,55.49,0.3363999999999321
22.65,40.03,0.0,55.49,0.1624499999999637
22.65,40.04,0.0,55.49,0.3080333333333564
22.66,40.05,0.0,55.49,0.28623333333331463
22.69,31.77,0.0,58.72,0.13519999999999055
22.75,31.74,0.0,58.72,0.15124999999991245
22.82,31.71,0.0,58.72,0.1681999999999578
22.84,54.08,0.0,72.66,2.163200000000558
22.86,31.69,0.0,58.72,0.17999999999994543
22.86,53.87,0.0,72.66,2.204999999999809
22.94,37.9,0.0,58.72,0.0017999999999967259
22.95,37.9,0.0,58.72,0.0017999999999967259
23.0,79.49,0.0,72.66,0.0071999999999869035
23.01,79.46,0.0,72.66,0.007200000000014188
23.01,79.48,0.0,72.66,0.006050000000039017
23.02,79.43,0.0,72.66,0.0071999999999869035
23.02,79.45,0.0,72.66,0.007200000000068758
23.03,31.61,0.0,58.72,0.2311999999998887
23.03,38.47,0.0,70.09,0.14579999999998036
23.03,79.4,0.0,72.66,0.007200000000068758
23.03,79.42,0.0,72.66,0.0071999999999869035
23.04,38.47,0.0,70.09,0.29160000000003744
23.04,79.37,0.0,72.66,0.0071999999999869035
23.04,79.39,0.0,72.66,0.008450000000014187
23.05,38.47,0.0,70.09,0.30250000000002814
23.05,79.34,0.0,72.66,0.007200000000014188
23.05,79.35,0.0,72.66,0.007200000000014188
23.06,38.47,0.0,70.09,0.3080333333333564
23.06,79.3,0.0,72.66,0.007200000000014188
23.06,79.32,0.0,72.66,0.008449999999925512
23.07,38.47,0.0,70.09,0.319233333333491
23.07,79.27,0.0,72.66,0.008450000000014187
23.07,79.29,0.0,72.66,6.981100000000839
23.08,38.48,0.0,70.09,0.1681999999999578
23.08,79.23,0.0,72.66,0.008450000000014187
23.08,79.24,0.0,72.66,4.743199999999776
23.08,79.25,0.0,72.66,0.00844999999998463
23.08,79.26,0.0,72.66,6.444050000000522
23.09,31.59,0.0,58.72,0.2450000000001114
23.09,38.48,0.0,70.09,0.3422333333334096
23.09,79.19,0.0,72.66,0.018233333333332
23.09,79.2,0.0,72.66,0.26749821428572146
23.09,79.21,0.0,72.66,1.0148333333337016
23.09,79.22,0.0,72.66,1.6329333333338047
23.1,38.48,0.0,70.09,0.35403333333339915
23.11,38.48,0.0,70.09,0.36603333333321736
23.11,40.11,0.0,58.72,1.6561999999998842
23.11,62.68,0.0,72.66,0.5990666666669504
23.12,38.48,0.0,70.09,0.37823333333348474
23.12,62.7,0.0,72.66,0.08404999999994034
23.13,38.48,0.0,70.09,0.19845000000006877
23.14,38.48,0.0,70.09,0.40323333333335737
23.15,31.57,0.0,58.72,0.2737999999999226
23.15,38.48,0.0,70.09,0.41603333333327364
23.16,38.48,0.0,70.09,0.21124999999998523
23.17,38.49,0.0,70.09,0.4422333333331333
23.18,38.49,0.0,70.09,0.2312000000001206
23.19,38.49,0.0,70.09,0.4761000000000753
23.2,38.5,0.0,70.09,0.24499999999987268
23.2,79.31,0.0,72.66,0.061250000000047745
23.21,38.5,0.0,70.09,0.2520500000000258
23.21,79.27,0.0,72.66,1.328450000000178
23.22,31.56,0.0,58.72,0.30419999999989006
23.22,38.51,0.0,70.09,0.2592000000001015
23.22,79.23,0.0,72.66,0.024999999999982946
23.22,79.24,0.0,72.66,0.15746666666681527
23.22,79.25,0.0,72.66,0.3522333333334695
23.22,79.26,0.0,72.66,0.004999999999968168
23.23,38.51,0.0,70.09,0.2664500000000133
23.24,38.52,0.0,70.09,0.28125
23.24,38.53,0.0,70.09,0.28125
23.24,54.75,0.0,72.66,0.4140499999998676
23.25,38.54,0.0,70.09,0.2887999999999067
23.25,54.79,0.0,72.66,0.40499999999987724
23.26,38.56,0.0,70.09,0.3042000000000674
23.26,54.82,0.0,72.66,0.39605000000008905
23.27,38.6,0.0,70.09,0.32805000000023204
23.27,54.86,0.0,72.66,0.3960500000002914
23.27,79.05,0.0,72.66,0.4400250000003421
23.27,79.06,0.0,72.66,1.0224500000004162
23.27,79.07,0.0,72.66,0.00500000000003638
23.28,41.11,0.0,58.72,0.011249999999996589
23.28,54.91,0.0,72.66,0.387200000000096
23.28,79.03,0.0,72.66,0.03245666666669063
23.28,79.04,0.0,72.66,0.005000000000013643
23.29,54.96,0.0,72.66,0.387200000000096
23.3,55.0,0.0,72.66,0.387200000000096
23.37,41.13,0.0,58.72,0.012800000000031286
23.4,41.14,0.0,58.72,0.012799999999976717
23.45,41.13,0.0,58.72,0.01445000000001237
23.47,38.64,0.0,55.49,0.08405000000001026
23.49,38.64,0.0,55.49,0.07604999999997251
23.51,41.59,0.0,58.72,0.938450000000084
23.53,41.58,0.0,58.72,0.8978000000001188
23.55,41.1,0.0,58.72,0.016199999999990996
23.55,41.6,0.0,58.72,0.8580500000001519
23.56,49.16,0.0,72.66,9.768200000000322
23.56,60.91,0.0,72.66,0.00044999999999918147
23.57,60.88,0.0,72.66,0.18493333333348655
23.57,60.89,0.0,72.66,1.4964499999996381
23.6,67.51,0.0,72.66,1.5841999999995466
23.61,60.58,0.0,72.66,0.08820000000003056
23.62,60.58,0.0,72.66,0.6174000000001948
23.63,60.59,0.0,72.66,0.08404999999994034
23.63,60.6,0.0,72.66,0.08820000000003056
23.63,60.62,0.0,72.66,0.08820000000003056
23.64,39.68,0.0,72.8,1.125
23.71,61.1,0.0,72.66,0.05780000000004948
23.71,61.12,0.0,72.66,0.05780000000004948
23.71,61.13,0.0,72.66,0.05780000000004948
23.71,61.14,0.0,72.66,0.05780000000004948
23.71,61.15,0.0,72.66,0.05780000000004948
23.71,61.16,0.0,72.66,0.05780000000004948
23.71,61.17,0.0,72.66,0.05780000000004948
23.71,61.18,0.0,72.66,0.06124999999988859
23.71,61.19,0.0,72.66,0.05780000000004948
23.71,61.2,0.0,72.66,0.06125000000012733
23.73,50.83,0.0,58.72,0.15680000000016042
23.73,50.84,0.0,58.72,0.5060249999998936
23.74,50.82,0.0,58.72,9.205299999999644
23.74,50.83,0.0,58.72,0.14579999999998036
23.75,50.8,0.0,58.72,0.13519999999999055
23.78,50.73,0.0,58.72,0.12005000000006016
23.93,50.04,0.0,58.72,0.020000000000031833
24.04,50.67,0.0,55.49,0.3697999999999628
24.06,50.69,0.0,55.49,0.36125000000006763
24.08,50.71,0.0,55.49,0.3361999999999944
24.11,50.75,0.0,55.49,0.31204999999997124
24.15,54.08,0.0,72.66,0.4512499999999352
24.2,41.91,0.0,72.8,2.332800000000054
24.22,41.95,0.0,72.8,2.2898000000000924
24.22,50.92,0.0,55.49,0.2244499999999345
24.23,40.28,0.0,55.49,0.2664500000000133
24.26,40.36,0.0,55.49,0.22445000000004875
24.27,40.39,0.0,55.49,0.2112500000000591
24.28,40.43,0.0,55.49,0.19220000000003806
24.29,40.5,0.0,55.49,0.1624500000000609
24.3,40.53,0.0,55.49,0.15679999999996944
24.3,40.55,0.0,55.49,0.151249999999975
24.31,40.57,0.0,55.49,0.14044999999998553
24.31,40.59,0.0,55.49,0.13520000000007923
24.32,36.75,0.0,58.72,0.6272000000000051
24.32,40.63,0.0,55.49,0.12005000000000446
24.32,40.66,0.0,55.49,0.11520000000000873
24.32,40.7,0.0,55.49,0.10125000000002046
24.32,40.73,0.0,55.49,0.09679999999994898
24.33,36.74,0.0,58.72,1.2100000000001125
24.34,36.72,0.0,58.72,0.5724500000000535
24.35,58.76,0.0,72.8,0.14579999999998036
24.35,58.78,0.0,72.8,0.14579999999998036
24.35,58.81,0.0,72.8,0.15124999999991245
24.35,58.83,0.0,72.8,0.15124999999991245
24.36,58.86,0.0,72.8,0.15679999999996944
24.36,58.88,0.0,72.8,0.16245000000009333
24.36,58.91,0.0,72.8,0.16245000000002852
24.36,58.94,0.0,72.8,0.1681999999999578
24.36,58.98,0.0,72.8,0.16820000000015561
24.36,59.05,0.0,72.8,0.18000000000015007
24.37,40.66,0.0,55.49,0.08820000000000669
24.4,52.9,0.0,55.49,0.13519999999999055
24.43,52.93,0.0,55.49,0.13004999999999536
24.43,59.66,0.0,72.8,0.28125
24.44,59.67,0.0,72.8,0.2888000000000795
24.44,59.68,0.0,72.8,0.2887999999999067
24.45,59.68,0.0,72.8,0.296449999999986
24.46,59.69,0.0,72.8,0.6084000000000461
24.47,59.68,0.0,72.8,0.31204999999997124
24.49,55.24,0.0,72.8,0.048166666666662805
24.49,59.66,0.0,72.8,0.31999999999987266
24.5,55.25,0.0,72.8,0.03063333333330698
24.5,55.26,0.0,72.8,0.01445000000001237
24.56,49.17,0.0,58.72,0.00844999999996985
24.59,44.16,0.0,72.8,0.9112500000003376
24.59,44.18,0.0,72.8,0.8844499999999033
24.59,49.16,0.0,58.72,0.007200000000027831
24.59,53.06,0.0,55.49,0.09245000000000293
24.6,44.18,0.0,72.8,1.7556333333332281
24.61,44.18,0.0,72.8,0.871200000000066
24.62,44.18,0.0,72.8,0.8580499999999285
24.62,49.15,0.0,58.72,0.007200000000000545
24.62,53.08,0.0,55.49,0.08819999999995894
24.63,44.17,0.0,72.8,0.8450000000000887
24.65,36.36,0.0,58.72,0.3280499999999558
24.65,49.16,0.0,58.72,0.00604999999997649
24.66,49.17,0.0,58.72,0.0060500000000015
24.68,53.11,0.0,55.49,0.07605000000001685
24.71,49.22,0.0,58.72,0.0060500000000015
24.73,53.12,0.0,55.49,0.07220000000001987
24.76,53.13,0.0,55.49,0.06844999999998065
24.79,53.13,0.0,55.49,0.06480000000002538
24.82,33.17,0.0,70.09,0.000800000000005366
24.82,53.13,0.0,55.49,0.06125000000002785
24.85,53.13,0.0,55.49,0.05779999999997217
24.91,33.16,0.0,70.09,0.1680999999999972
24.92,33.11,0.0,70.09,0.09245000000000293
24.92,33.12,0.0,70.09,0.09244999999995404
24.92,33.14,0.0,70.09,0.18063333333329445
24.92,33.15,0.0,70.09,0.08820000000000669
24.92,53.11,0.0,55.49,0.048050000000035946
24.93,33.06,0.0,70.09,0.10125000000002046
24.93,33.09,0.0,70.09,0.096800000000024
24.95,53.1,0.0,55.49,0.044999999999986356
24.96,36.69,0.0,58.72,0.16245000000002852
24.97,36.69,0.0,58.72,0.125
24.97,43.33,0.0,70.09,0.5940499999997869
24.97,43.34,0.0,70.09,0.5832000000002898
24.98,53.09,0.0,55.49,0.04204999999998945
24.99,29.73,0.0,70.09,2.976800000000133
